seed,policy,m0,m1,retention,w2_g1,train_size_g1
0,accumulate,0.049556,0.019778,0.399103,0.587945,3000
0,bottom_k,0.049556,0.030444,0.614350,0.499150,1500
0,mix,0.049556,0.018222,0.367713,0.608102,1500
0,oracle_bottom_k,0.049556,0.031556,0.636771,0.481256,1500
0,oracle_top_k,0.049556,0.004222,0.085202,0.788658,1500
0,rand_k,0.049556,0.022444,0.452915,0.565809,1500
0,replace,0.049556,0.001556,0.031390,0.778434,1500
0,top_k,0.049556,0.006222,0.125561,0.753830,1500
1,accumulate,0.050444,0.014444,0.286344,0.590175,3000
1,bottom_k,0.050444,0.028889,0.572687,0.476978,1500
1,mix,0.050444,0.014222,0.281938,0.616562,1500
1,oracle_bottom_k,0.050444,0.027778,0.550661,0.475529,1500
1,oracle_top_k,0.050444,0.006667,0.132159,0.739240,1500
1,rand_k,0.050444,0.010667,0.211454,0.623278,1500
1,replace,0.050444,0.004000,0.079295,0.707637,1500
1,top_k,0.050444,0.008444,0.167401,0.669950,1500
2,accumulate,0.038222,0.017111,0.447674,0.707839,3000
2,bottom_k,0.038222,0.025556,0.668605,0.557780,1500
2,mix,0.038222,0.013333,0.348837,0.799584,1500
2,oracle_bottom_k,0.038222,0.021111,0.552326,0.594428,1500
2,oracle_top_k,0.038222,0.008222,0.215116,0.869501,1500
2,rand_k,0.038222,0.018000,0.470930,0.706652,1500
2,replace,0.038222,0.002000,0.052326,0.903408,1500
2,top_k,0.038222,0.008000,0.209302,0.865853,1500
3,accumulate,0.054000,0.030000,0.555556,0.578350,3000
3,bottom_k,0.054000,0.059333,1.098765,0.303900,1500
3,mix,0.054000,0.024667,0.456790,0.665560,1500
3,oracle_bottom_k,0.054000,0.058222,1.078189,0.330951,1500
3,oracle_top_k,0.054000,0.011111,0.205761,0.837523,1500
3,rand_k,0.054000,0.030000,0.555556,0.555273,1500
3,top_k,0.054000,0.012889,0.238683,0.815892,1500
4,accumulate,0.034667,0.012667,0.365385,0.764588,3000
4,bottom_k,0.034667,0.025333,0.730769,0.625743,1500
4,mix,0.034667,0.013333,0.384615,0.753951,1500
4,oracle_bottom_k,0.034667,0.024889,0.717949,0.616322,1500
4,oracle_top_k,0.034667,0.007111,0.205128,0.845869,1500
4,rand_k,0.034667,0.020444,0.589744,0.672766,1500
4,top_k,0.034667,0.006000,0.173077,0.868510,1500
