stratum,n,contrast,mean_diff,std_diff,cohen_dz,boot_ci_low,boot_ci_high,wilcoxon_W,p_exact,p_approx_normal
rho5,15,top_minus_rand,-0.221859,0.125923,-1.7619,-0.280454,-0.159592,1.0,0.000122,0.000892
rho5,15,bottom_minus_rand,0.254001,0.129694,1.9585,0.192661,0.320673,0.0,0.000061,0.000727
rho7,10,top_minus_rand,-0.135125,0.085281,-1.5845,-0.185122,-0.083482,0.0,0.003906,0.009152
rho7,10,bottom_minus_rand,0.124006,0.141144,0.8786,0.046806,0.211209,3.0,0.019531,0.024390
rho10,13,top_minus_rand,-0.062863,0.088007,-0.7143,-0.107304,-0.015658,7.0,0.037109,0.041491
rho10,13,bottom_minus_rand,0.064600,0.145407,0.4443,-0.001169,0.146271,22.0,0.203613,0.195539
rho5_exploratory_0_9,10,top_minus_rand,-0.224710,0.123511,-1.8193,-0.294375,-0.152119,0.0,0.001953,0.005922
rho5_exploratory_0_9,10,bottom_minus_rand,0.285297,0.137321,2.0776,0.209742,0.371460,0.0,0.001953,0.005922
rho5_heldout_10_14,5,top_minus_rand,-0.216158,0.145303,-1.4876,-0.316661,-0.093333,1.0,0.125000,0.105645
rho5_heldout_10_14,5,bottom_minus_rand,0.191409,0.095383,2.0068,0.105309,0.248485,0.0,0.062500,0.059058
pooled38,38,top_minus_rand,-0.144641,0.122769,-1.1782,-0.183328,-0.106417,17.0,0.000002,0.000002
pooled38,38,bottom_minus_rand,0.154997,0.158657,0.9769,0.108060,0.205962,41.0,0.000005,0.000005
