seed,policy,retention,w2_g1
0,bottom_k,0.614350,0.499150
0,rand_k,0.452915,0.565809
0,top_k,0.125561,0.753830
0,mix,0.367713,0.608102
1,bottom_k,0.572687,0.476978
1,rand_k,0.211454,0.623278
1,top_k,0.167401,0.669950
1,mix,0.281938,0.616562
2,bottom_k,0.668605,0.557780
2,rand_k,0.470930,0.706652
2,top_k,0.209302,0.865853
2,mix,0.348837,0.799584
3,bottom_k,1.098765,0.303900
3,rand_k,0.555556,0.555273
3,top_k,0.238683,0.815892
3,mix,0.456790,0.665560
4,bottom_k,0.730769,0.625743
4,rand_k,0.589744,0.672766
4,top_k,0.173077,0.868510
4,mix,0.384615,0.753951
